2024-10-19 01:53:03.759017,New Order Started,Order_Number : 987654321
2024-10-19 01:53:19.098641,New Order Started,Order_Number : 987654321
2024-10-19 01:53:52.098804,New Order Started,Order_Number : 987654321
2024-10-19 01:54:14.095899,New Order Started,Order_Number : 987654321
2024-10-19 01:57:35.306535,New Order Started,Order_Number : 987654321
2024-10-19 01:58:17.488773,New Order Started,Order_Number : 987654321
2024-10-19 21:23:49.626906,New Order Started,Order_Number : 987654321
2024-10-19 22:18:12.917282,New Order Started,Order_Number : 987654321
2024-10-20 17:36:26.923018,New Order Started,Order_Number : 987654321
2024-10-20 21:35:33.198900,New Order Started,Order_Number : 987654321
2024-10-20 21:36:05.412482,New Order Started,Order_Number : 987654321
2024-10-20 21:37:39.784146,New Order Started,Order_Number : 987654321
2024-10-20 22:35:57.272969,New Order Started,Order_Number : 987654321
